,Month,Is_Christmas,Since_Last_Christmas,Next_Christmas,Is_Thanksgiving,Since_Last_Thanksgiving,Next_Thanksgiving,Is_Chinese_NewYear,Since_Last_Chinese_NewYear,Next_Chinese_NewYear,Is_Chinese_GoldenWeek,Since_Last_Chinese_GoldenWeek,Next_Chinese_GoldenWeek,Is_AkshayaTritiya,Since_Last_AkshayaTritiya,Next_AkshayaTritiya,Is_Diwali,Since_Last_Diwali,Next_Diwali,Is_DhanTeras,Since_Last_DhanTeras,Next_DhanTeras,Is_KarwaChauth,Since_Last_KarwaChauth,Next_KarwaChauth,Is_SharadNavratri,Since_Last_SharadNavratri,Next_SharadNavratri,Is_ChaitraNavratri,Since_Last_ChaitraNavratri,Next_ChaitraNavratri,Is_EidAlFitr,Since_Last_EidAlFitr,Next_EidAlFitr,Is_EidAlAdha,Since_Last_EidAlAdha,Next_EidAlAdha,Is_Valentines,Since_Last_Valentines,Next_Valentines,Is_ChineseValentines,Since_Last_ChineseValentines,Next_ChineseValentines,Is_MothersDay,Since_Last_MothersDay,Next_MothersDay,Is_Vicenzaoro_Show,Since_Last_Vicenzaoro_Show,Is_HKIDG_Show,Since_Last_HKIDG_Show,Is_JCK_Show,Since_Last_JCK_Show,Is_IIJS_Show,Since_Last_IIJS_Show,Is_JGWorld_Show,Since_Last_JGWorld_Show,Is_Vicenzaoro_September_Show,Is_IIJS_Signature_Show,Is_IIJS_Tritiya_Show,Is_JGAsia_Show,Is_FedRateChange,Since_Last_FedRateChange,FedRateChange_bps,FedRate,Is_RBIRateChange,Since_Last_RBIRateChange,RBIRateChange_bps,RBIRate,ExchRate__USD_INR,ExchRate__USD_CNY,ExchRate__CNY_INR,ExchRate__EUR_INR,ExchRate__100JPY_INR,ExchRate__GBP_INR,MonthlyMarketReturn__US__SnP500,MonthlyMarketReturn__IND__NIFTY50,MonthlyMarketReturn__CHN__SSE,MonthlyMarketReturn__JPN__Nikkei225,MonthlyMarketReturn__UK__FTSE100,MonthlyReturn__Global_Jewellery_n_Luxury_Index,MonthlyReturn__Indian_Jewellery_n_Luxury_Index,MonthlyMarketReturn__RUS__MOEX,ExchRate__USD_RUB,ExchRate__INR_RUB,MonthlyMarketReturn__Gold,MonthlyMarketReturn__Silver,YYYYMM,Date_in_proper_format,PrevMth_Since_Last_FedRateChange,PrevMth_Since_Last_RBIRateChange,_3Mo__Avg_Is_FedRateChange,_6Mo__Avg_Is_FedRateChange,PrevMth_Is_FedRateChange,_3Mo__Avg_FedRateChange_bps,_6Mo__Avg_FedRateChange_bps,PrevMth_FedRateChange_bps,_3Mo__Avg_Is_RBIRateChange,_6Mo__Avg_Is_RBIRateChange,PrevMth_Is_RBIRateChange,_3Mo__Avg_RBIRateChange_bps,_6Mo__Avg_RBIRateChange_bps,PrevMth_RBIRateChange_bps,_3Mo__Avg_FedRate,_6Mo__Avg_FedRate,PrevMth_FedRate,Prev3Mth_FedRate,Prev6Mth_FedRate,_3MthTrend_FedRate,_6MthTrend_FedRate,_3Mo__Stddev_FedRate,_6Mo__Stddev_FedRate,_3Mo__Avg_RBIRate,_6Mo__Avg_RBIRate,PrevMth_RBIRate,Prev3Mth_RBIRate,Prev6Mth_RBIRate,_3MthTrend_RBIRate,_6MthTrend_RBIRate,_3Mo__Stddev_RBIRate,_6Mo__Stddev_RBIRate,_3Mo__Avg_ExchRate__USD_INR,_6Mo__Avg_ExchRate__USD_INR,PrevMth_ExchRate__USD_INR,Prev3Mth_ExchRate__USD_INR,Prev6Mth_ExchRate__USD_INR,_3MthTrend_ExchRate__USD_INR,_6MthTrend_ExchRate__USD_INR,_3Mo__Stddev_ExchRate__USD_INR,_6Mo__Stddev_ExchRate__USD_INR,_3Mo__Avg_ExchRate__USD_CNY,_6Mo__Avg_ExchRate__USD_CNY,PrevMth_ExchRate__USD_CNY,Prev3Mth_ExchRate__USD_CNY,Prev6Mth_ExchRate__USD_CNY,_3MthTrend_ExchRate__USD_CNY,_6MthTrend_ExchRate__USD_CNY,_3Mo__Stddev_ExchRate__USD_CNY,_6Mo__Stddev_ExchRate__USD_CNY,_3Mo__Avg_ExchRate__CNY_INR,_6Mo__Avg_ExchRate__CNY_INR,PrevMth_ExchRate__CNY_INR,Prev3Mth_ExchRate__CNY_INR,Prev6Mth_ExchRate__CNY_INR,_3MthTrend_ExchRate__CNY_INR,_6MthTrend_ExchRate__CNY_INR,_3Mo__Stddev_ExchRate__CNY_INR,_6Mo__Stddev_ExchRate__CNY_INR,_3Mo__Avg_ExchRate__EUR_INR,_6Mo__Avg_ExchRate__EUR_INR,PrevMth_ExchRate__EUR_INR,Prev3Mth_ExchRate__EUR_INR,Prev6Mth_ExchRate__EUR_INR,_3MthTrend_ExchRate__EUR_INR,_6MthTrend_ExchRate__EUR_INR,_3Mo__Stddev_ExchRate__EUR_INR,_6Mo__Stddev_ExchRate__EUR_INR,_3Mo__Avg_ExchRate__100JPY_INR,_6Mo__Avg_ExchRate__100JPY_INR,PrevMth_ExchRate__100JPY_INR,Prev3Mth_ExchRate__100JPY_INR,Prev6Mth_ExchRate__100JPY_INR,_3MthTrend_ExchRate__100JPY_INR,_6MthTrend_ExchRate__100JPY_INR,_3Mo__Stddev_ExchRate__100JPY_INR,_6Mo__Stddev_ExchRate__100JPY_INR,_3Mo__Avg_ExchRate__GBP_INR,_6Mo__Avg_ExchRate__GBP_INR,PrevMth_ExchRate__GBP_INR,Prev3Mth_ExchRate__GBP_INR,Prev6Mth_ExchRate__GBP_INR,_3MthTrend_ExchRate__GBP_INR,_6MthTrend_ExchRate__GBP_INR,_3Mo__Stddev_ExchRate__GBP_INR,_6Mo__Stddev_ExchRate__GBP_INR,_3Mo__Avg_MonthlyMarketReturn__US__SnP500,_6Mo__Avg_MonthlyMarketReturn__US__SnP500,PrevMth_MonthlyMarketReturn__US__SnP500,Prev3Mth_MonthlyMarketReturn__US__SnP500,Prev6Mth_MonthlyMarketReturn__US__SnP500,_3MthTrend_MonthlyMarketReturn__US__SnP500,_6MthTrend_MonthlyMarketReturn__US__SnP500,_3Mo__Stddev_MonthlyMarketReturn__US__SnP500,_6Mo__Stddev_MonthlyMarketReturn__US__SnP500,_3Mo__Avg_MonthlyMarketReturn__IND__NIFTY50,_6Mo__Avg_MonthlyMarketReturn__IND__NIFTY50,PrevMth_MonthlyMarketReturn__IND__NIFTY50,Prev3Mth_MonthlyMarketReturn__IND__NIFTY50,Prev6Mth_MonthlyMarketReturn__IND__NIFTY50,_3MthTrend_MonthlyMarketReturn__IND__NIFTY50,_6MthTrend_MonthlyMarketReturn__IND__NIFTY50,_3Mo__Stddev_MonthlyMarketReturn__IND__NIFTY50,_6Mo__Stddev_MonthlyMarketReturn__IND__NIFTY50,_3Mo__Avg_MonthlyMarketReturn__CHN__SSE,_6Mo__Avg_MonthlyMarketReturn__CHN__SSE,PrevMth_MonthlyMarketReturn__CHN__SSE,Prev3Mth_MonthlyMarketReturn__CHN__SSE,Prev6Mth_MonthlyMarketReturn__CHN__SSE,_3MthTrend_MonthlyMarketReturn__CHN__SSE,_6MthTrend_MonthlyMarketReturn__CHN__SSE,_3Mo__Stddev_MonthlyMarketReturn__CHN__SSE,_6Mo__Stddev_MonthlyMarketReturn__CHN__SSE,_3Mo__Avg_MonthlyMarketReturn__JPN__Nikkei225,_6Mo__Avg_MonthlyMarketReturn__JPN__Nikkei225,PrevMth_MonthlyMarketReturn__JPN__Nikkei225,Prev3Mth_MonthlyMarketReturn__JPN__Nikkei225,Prev6Mth_MonthlyMarketReturn__JPN__Nikkei225,_3MthTrend_MonthlyMarketReturn__JPN__Nikkei225,_6MthTrend_MonthlyMarketReturn__JPN__Nikkei225,_3Mo__Stddev_MonthlyMarketReturn__JPN__Nikkei225,_6Mo__Stddev_MonthlyMarketReturn__JPN__Nikkei225,_3Mo__Avg_MonthlyMarketReturn__UK__FTSE100,_6Mo__Avg_MonthlyMarketReturn__UK__FTSE100,PrevMth_MonthlyMarketReturn__UK__FTSE100,Prev3Mth_MonthlyMarketReturn__UK__FTSE100,Prev6Mth_MonthlyMarketReturn__UK__FTSE100,_3MthTrend_MonthlyMarketReturn__UK__FTSE100,_6MthTrend_MonthlyMarketReturn__UK__FTSE100,_3Mo__Stddev_MonthlyMarketReturn__UK__FTSE100,_6Mo__Stddev_MonthlyMarketReturn__UK__FTSE100,_3Mo__Avg_MonthlyMarketReturn__RUS__MOEX,_6Mo__Avg_MonthlyMarketReturn__RUS__MOEX,PrevMth_MonthlyMarketReturn__RUS__MOEX,Prev3Mth_MonthlyMarketReturn__RUS__MOEX,Prev6Mth_MonthlyMarketReturn__RUS__MOEX,_3MthTrend_MonthlyMarketReturn__RUS__MOEX,_6MthTrend_MonthlyMarketReturn__RUS__MOEX,_3Mo__Stddev_MonthlyMarketReturn__RUS__MOEX,_6Mo__Stddev_MonthlyMarketReturn__RUS__MOEX,_3Mo__Avg_MonthlyReturn__Global_Jewellery_n_Luxury_Index,_6Mo__Avg_MonthlyReturn__Global_Jewellery_n_Luxury_Index,PrevMth_MonthlyReturn__Global_Jewellery_n_Luxury_Index,Prev3Mth_MonthlyReturn__Global_Jewellery_n_Luxury_Index,Prev6Mth_MonthlyReturn__Global_Jewellery_n_Luxury_Index,_3MthTrend_MonthlyReturn__Global_Jewellery_n_Luxury_Index,_6MthTrend_MonthlyReturn__Global_Jewellery_n_Luxury_Index,_3Mo__Stddev_MonthlyReturn__Global_Jewellery_n_Luxury_Index,_6Mo__Stddev_MonthlyReturn__Global_Jewellery_n_Luxury_Index,_3Mo__Avg_MonthlyReturn__Indian_Jewellery_n_Luxury_Index,_6Mo__Avg_MonthlyReturn__Indian_Jewellery_n_Luxury_Index,PrevMth_MonthlyReturn__Indian_Jewellery_n_Luxury_Index,Prev3Mth_MonthlyReturn__Indian_Jewellery_n_Luxury_Index,Prev6Mth_MonthlyReturn__Indian_Jewellery_n_Luxury_Index,_3MthTrend_MonthlyReturn__Indian_Jewellery_n_Luxury_Index,_6MthTrend_MonthlyReturn__Indian_Jewellery_n_Luxury_Index,_3Mo__Stddev_MonthlyReturn__Indian_Jewellery_n_Luxury_Index,_6Mo__Stddev_MonthlyReturn__Indian_Jewellery_n_Luxury_Index,_3Mo__Avg_ExchRate__USD_RUB,_6Mo__Avg_ExchRate__USD_RUB,PrevMth_ExchRate__USD_RUB,Prev3Mth_ExchRate__USD_RUB,Prev6Mth_ExchRate__USD_RUB,_3MthTrend_ExchRate__USD_RUB,_6MthTrend_ExchRate__USD_RUB,_3Mo__Stddev_ExchRate__USD_RUB,_6Mo__Stddev_ExchRate__USD_RUB,_3Mo__Avg_ExchRate__INR_RUB,_6Mo__Avg_ExchRate__INR_RUB,PrevMth_ExchRate__INR_RUB,Prev3Mth_ExchRate__INR_RUB,Prev6Mth_ExchRate__INR_RUB,_3MthTrend_ExchRate__INR_RUB,_6MthTrend_ExchRate__INR_RUB,_3Mo__Stddev_ExchRate__INR_RUB,_6Mo__Stddev_ExchRate__INR_RUB,_3Mo__Avg_MonthlyMarketReturn__Gold,_6Mo__Avg_MonthlyMarketReturn__Gold,PrevMth_MonthlyMarketReturn__Gold,Prev3Mth_MonthlyMarketReturn__Gold,Prev6Mth_MonthlyMarketReturn__Gold,_3MthTrend_MonthlyMarketReturn__Gold,_6MthTrend_MonthlyMarketReturn__Gold,_3Mo__Stddev_MonthlyMarketReturn__Gold,_6Mo__Stddev_MonthlyMarketReturn__Gold,_3Mo__Avg_MonthlyMarketReturn__Silver,_6Mo__Avg_MonthlyMarketReturn__Silver,PrevMth_MonthlyMarketReturn__Silver,Prev3Mth_MonthlyMarketReturn__Silver,Prev6Mth_MonthlyMarketReturn__Silver,_3MthTrend_MonthlyMarketReturn__Silver,_6MthTrend_MonthlyMarketReturn__Silver,_3Mo__Stddev_MonthlyMarketReturn__Silver,_6Mo__Stddev_MonthlyMarketReturn__Silver
0,202307,,,,,,,,,,,,,,,,,,,,,,,,,,,,,,,,,,,,,,,,,,,,,,,,,,,,,,,,,,,,0,1,25,5.25,0,4,0,6.5,82.04,7.25,11.32,89.21,56.78,104.2,6.47,3.53,-0.08,7.45,1.15,3.1,4.3,2.88,88.79,1.08,-2.2,-3.4,202307,2023-07-01,,,,,,,,,,,,,,,,,,,,,,,,,,,,,,,,,,,,,,,,,,,,,,,,,,,,,,,,,,,,,,,,,,,,,,,,,,,,,,,,,,,,,,,,,,,,,,,,,,,,,,,,,,,,,,,,,,,,,,,,,,,,,,,,,,,,,,,,,,,,,,,,,,,,,,,,,,,,,,,,,,,,,,,,,,,,,,,,,,,,,,,,,,,,,,,,,,
1,202308,,,,,,,,,,,,,,,,,,,,,,,,,,,,,,,,,,,,,,,,,,,,,,,,,,,,,,,,,,,,1,0,0,5.25,0,5,0,6.5,82.25,7.14,11.52,91.13,58.1,105.8,3.11,2.94,2.78,-0.05,2.23,2.5,1.9,9.84,92.03,1.11,2.4,8.6,202308,2023-08-01,1,4,0.0,0.0,0,25.0,25.0,25,0.0,0.0,0,0.0,0.0,0,5.25,5.25,5.25,,,,,,,6.5,6.5,6.5,,,,,,,82.04,82.04,82.04,,,,,,,7.25,7.25,7.25,,,,,,,11.32,11.32,11.32,,,,,,,89.21,89.21,89.21,,,,,,,56.78,56.78,56.78,,,,,,,104.2,104.2,104.2,,,,,,,6.47,6.47,6.47,,,,,,,3.53,3.53,3.53,,,,,,,-0.08,-0.08,-0.08,,,,,,,7.45,7.45,7.45,,,,,,,1.15,1.15,1.15,,,,,,,2.88,2.88,2.88,,,,,,,3.1,3.1,3.1,,,,,,,4.3,4.3,4.3,,,,,,,88.79,88.79,88.79,,,,,,,1.08,1.08,1.08,,,,,,,-2.2,-2.2,-2.2,,,,,,,-3.4,-3.4,-3.4,,,,,,
2,202309,,,,,,,,,,,,,,,,,,,,,,,,,,,,,,,,,,,,,,,,,,,,,,,,,,,,,,,,,,,,0,1,0,5.25,0,6,0,6.5,82.71,7.29,11.35,89.32,56.55,104.9,-1.77,-2.53,-5.2,-1.67,-3.38,-7.4,-2.5,4.95,96.1,1.16,-1.3,-0.6,202309,2023-09-01,0,5,0.5,0.5,1,12.5,12.5,0,0.0,0.0,0,0.0,0.0,0,5.25,5.25,5.25,,,,,0.0,0.0,6.5,6.5,6.5,,,,,0.0,0.0,82.145,82.145,82.25,,,,,0.148,0.148,7.195,7.195,7.14,,,,,0.078,0.078,11.42,11.42,11.52,,,,,0.141,0.141,90.17,90.17,91.13,,,,,1.358,1.358,57.44,57.44,58.1,,,,,0.933,0.933,105.0,105.0,105.8,,,,,1.131,1.131,4.79,4.79,3.11,,,,,2.376,2.376,3.235,3.235,2.94,,,,,0.417,0.417,1.35,1.35,2.78,,,,,2.022,2.022,3.7,3.7,-0.05,,,,,5.303,5.303,1.69,1.69,2.23,,,,,0.764,0.764,6.36,6.36,9.84,,,,,4.921,4.921,2.8,2.8,2.5,,,,,0.424,0.424,3.1,3.1,1.9,,,,,1.697,1.697,90.41,90.41,92.03,,,,,2.291,2.291,1.095,1.095,1.11,,,,,0.021,0.021,0.1,0.1,2.4,,,,,3.253,3.253,2.6,2.6,8.6,,,,,8.485,8.485
3,202310,,,,,,,,,,,,,,,,,,,,,,,,,,,,,,,,,,,,,,,,,,,,,,,,,,,,,,,,,,,,0,2,0,5.25,0,7,0,6.5,83.04,7.3,11.38,87.18,55.8,101.5,-4.87,2.0,-0.3,-2.32,2.27,-6.2,5.8,-2.89,97.97,1.18,-4.7,-9.5,202310,2023-10-01,1,6,0.333,0.333,0,8.333,8.333,0,0.0,0.0,0,0.0,0.0,0,5.25,5.25,5.25,5.25,,0.0,,0.0,0.0,6.5,6.5,6.5,6.5,,0.0,,0.0,0.0,82.333,82.333,82.71,82.04,,0.7,,0.343,0.343,7.227,7.227,7.29,7.25,,0.0,,0.078,0.078,11.397,11.397,11.35,11.32,,0.0,,0.108,0.108,89.887,89.887,89.32,89.21,,0.1,,1.078,1.078,57.143,57.143,56.55,56.78,,-0.2,,0.836,0.836,104.967,104.967,104.9,104.2,,0.7,,0.802,0.802,2.603,2.603,-1.77,6.47,,-8.2,,4.143,4.143,1.313,1.313,-2.53,3.53,,-6.1,,3.341,3.341,-0.833,-0.833,-5.2,-0.08,,-5.1,,4.043,4.043,1.91,1.91,-1.67,7.45,,-9.1,,4.866,4.866,0.0,0.0,-3.38,1.15,,-4.5,,2.977,2.977,5.89,5.89,4.95,2.88,,2.1,,3.574,3.574,-0.6,-0.6,-7.4,3.1,,-10.5,,5.897,5.897,1.233,1.233,-2.5,4.3,,-6.8,,3.449,3.449,92.307,92.307,96.1,88.79,,7.3,,3.663,3.663,1.117,1.117,1.16,1.08,,0.1,,0.04,0.04,-0.367,-0.367,-1.3,-2.2,,0.9,,2.438,2.438,1.533,1.533,-0.6,-3.4,,2.8,,6.278,6.278
4,202311,,,,,,,,,,,,,,,,,,,,,,,,,,,,,,,,,,,,,,,,,,,,,,,,,,,,,,,,,,,,0,3,0,5.25,0,8,0,6.5,83.24,7.31,11.39,88.04,55.5,101.1,-2.2,-2.84,-2.95,-3.14,-3.76,-4.8,2.2,2.2,93.4,1.12,7.3,3.2,202311,2023-11-01,2,7,0.333,0.25,0,0.0,6.25,0,0.0,0.0,0,0.0,0.0,0,5.25,5.25,5.25,5.25,,0.0,,0.0,0.0,6.5,6.5,6.5,6.5,,0.0,,0.0,0.0,82.667,82.51,83.04,82.25,,0.8,,0.397,0.451,7.243,7.245,7.3,7.14,,0.2,,0.09,0.073,11.417,11.393,11.38,11.52,,-0.1,,0.091,0.088,89.21,89.21,87.18,91.13,,-3.9,,1.977,1.614,56.817,56.808,55.8,58.1,,-2.3,,1.173,0.958,104.067,104.1,101.5,105.8,,-4.3,,2.268,1.853,-1.177,0.735,-4.87,3.11,,-8.0,,4.023,5.041,0.803,1.485,2.0,2.94,,-0.9,,2.925,2.75,-0.907,-0.7,-0.3,2.78,,-3.1,,4.024,3.312,-1.347,0.853,-2.32,-0.05,,-2.3,,1.169,4.501,0.373,0.568,2.27,2.23,,0.0,,3.251,2.682,3.967,3.695,-2.89,9.84,,-12.7,,6.422,5.271,-3.7,-2.0,-6.2,2.5,,-8.7,,5.403,5.57,1.733,2.375,5.8,1.9,,3.9,,4.153,3.625,95.367,93.723,97.97,92.03,,5.9,,3.037,4.119,1.15,1.133,1.18,1.11,,0.1,,0.036,0.046,-1.2,-1.45,-4.7,2.4,,-7.1,,3.551,2.942,-0.5,-1.225,-9.5,8.6,,-18.1,,9.05,7.531
5,202312,,,,,,,,,,,,,,,,,,,,,,,,,,,,,,,,,,,,,,,,,,,,,,,,,,,,,,,,,,,,0,4,0,5.25,0,9,0,6.5,83.35,7.14,11.67,90.77,56.2,105.15,8.92,5.52,0.36,8.52,1.8,9.1,8.7,-1.15,89.34,1.07,3.2,10.5,202312,2023-12-01,3,8,0.0,0.2,0,0.0,5.0,0,0.0,0.0,0,0.0,0.0,0,5.25,5.25,5.25,5.25,,0.0,,0.0,0.0,6.5,6.5,6.5,6.5,,0.0,,0.0,0.0,82.997,82.656,83.24,82.71,,0.5,,0.268,0.509,7.3,7.258,7.31,7.29,,0.0,,0.01,0.07,11.373,11.392,11.39,11.35,,0.0,,0.021,0.077,88.18,88.976,88.04,89.32,,-1.3,,1.077,1.493,55.95,56.546,55.5,56.55,,-1.0,,0.541,1.015,102.5,103.5,101.1,104.9,,-3.8,,2.088,2.092,-2.947,0.148,-2.2,-1.77,,-0.4,,1.679,4.558,-1.123,0.62,-2.84,-2.53,,-0.3,,2.709,3.068,-2.817,-1.15,-2.95,-5.2,,2.3,,2.453,3.04,-2.377,0.054,-3.14,-1.67,,-1.5,,0.737,4.287,-1.623,-0.298,-3.76,-3.38,,-0.4,,3.377,3.024,1.42,3.396,2.2,4.95,,-2.8,,3.978,4.614,-6.133,-2.56,-4.8,-7.4,,2.6,,1.301,4.983,1.833,2.34,2.2,-2.5,,4.7,,4.162,3.141,95.823,93.658,93.4,96.1,,-2.7,,2.298,3.57,1.153,1.13,1.12,1.16,,-0.0,,0.031,0.04,0.433,0.3,7.3,-1.3,,8.6,,6.185,4.67,-2.3,-0.34,3.2,-0.6,,3.8,,6.518,6.815
6,202401,0.0,1.0,11.0,0.0,2.0,10.0,0.0,11.0,1.0,0.0,3.0,9.0,0.0,8.0,4.0,0.0,2.0,10.0,0.0,1.0,9.0,0.0,3.0,9.0,0.0,3.0,9.0,0.0,10.0,3.0,0.0,8.0,3.0,0.0,6.0,5.0,0.0,11.0,1.0,0.0,5.0,7.0,0.0,8.0,4.0,1.0,12.0,0.0,10.0,0.0,7.0,0.0,5.0,0.0,4.0,0.0,1.0,0.0,0.0,0,5,0,5.25,0,10,0,6.5,83.16,7.1,11.71,90.04,58.28,105.82,4.42,7.94,-1.81,-0.07,3.75,3.9,6.4,-2.35,89.22,1.09,1.3,-0.7,202401,2024-01-01,4,9,0.0,0.167,0,0.0,4.167,0,0.0,0.0,0,0.0,0.0,0,5.25,5.25,5.25,5.25,5.25,0.0,0.0,0.0,0.0,6.5,6.5,6.5,6.5,6.5,0.0,0.0,0.0,0.0,83.21,82.772,83.35,83.04,82.04,0.3,1.3,0.157,0.536,7.25,7.238,7.14,7.3,7.25,-0.2,-0.1,0.095,0.079,11.48,11.438,11.67,11.38,11.32,0.3,0.3,0.165,0.133,88.663,89.275,90.77,87.18,89.21,3.6,1.6,1.874,1.523,55.833,56.488,56.2,55.8,56.78,0.4,-0.6,0.351,0.919,102.583,103.775,105.15,101.5,104.2,3.7,1.0,2.232,1.988,0.617,1.61,8.92,-4.87,6.47,13.8,2.5,7.314,5.427,1.56,1.437,5.52,2.0,3.53,3.5,2.0,4.197,3.396,-0.963,-0.898,0.36,-0.3,-0.08,0.7,0.4,1.752,2.788,1.02,1.465,8.52,-2.32,7.45,10.8,1.1,6.508,5.162,0.103,0.052,1.8,2.27,1.15,-0.5,0.7,3.354,2.837,-0.613,2.638,-1.15,-2.89,2.88,1.7,-4.0,2.587,4.525,-0.633,-0.617,9.1,-6.2,3.1,15.3,6.0,8.458,6.521,5.567,3.4,8.7,5.8,4.3,2.9,4.4,3.256,3.825,93.57,92.938,89.34,97.97,88.79,-8.6,0.5,4.318,3.647,1.123,1.12,1.07,1.18,1.08,-0.1,-0.0,0.055,0.043,1.933,0.783,3.2,-4.7,-2.2,7.9,5.4,6.099,4.341,1.4,1.467,10.5,-9.5,-3.4,20.0,13.9,10.121,7.533
7,202402,0.0,2.0,10.0,0.0,3.0,9.0,1.0,12.0,0.0,0.0,4.0,8.0,0.0,9.0,3.0,0.0,3.0,9.0,0.0,2.0,8.0,0.0,4.0,8.0,0.0,4.0,8.0,0.0,11.0,2.0,0.0,9.0,2.0,0.0,7.0,4.0,1.0,12.0,0.0,0.0,6.0,6.0,0.0,9.0,3.0,0.0,1.0,1.0,11.0,0.0,8.0,0.0,6.0,0.0,5.0,0.0,0.0,0.0,0.0,0,6,0,5.25,0,11,0,6.5,83.1,7.17,11.59,90.51,55.31,105.62,1.59,-0.03,-6.27,8.44,-1.33,-2.3,4.1,4.45,89.6,1.08,-1.2,-3.8,202402,2024-02-01,5,10,0.0,0.167,0,0.0,0.0,0,0.0,0.0,0,0.0,0.0,0,5.25,5.25,5.25,5.25,5.25,0.0,0.0,0.0,0.0,6.5,6.5,6.5,6.5,6.5,0.0,0.0,0.0,0.0,83.25,82.958,83.16,83.24,82.25,-0.1,0.9,0.095,0.411,7.183,7.213,7.1,7.31,7.14,-0.2,-0.0,0.112,0.096,11.59,11.503,11.71,11.39,11.52,0.3,0.2,0.174,0.156,89.617,89.413,90.04,88.04,91.13,2.0,-1.1,1.413,1.553,56.66,56.738,58.28,55.5,58.1,2.8,0.2,1.446,1.181,104.023,104.045,105.82,101.1,105.8,4.7,0.0,2.554,2.16,3.713,1.268,4.42,-2.2,3.11,6.6,1.3,5.594,5.115,3.54,2.172,7.94,-2.84,2.94,10.8,5.0,5.656,4.297,-1.467,-1.187,-1.81,-2.95,2.78,1.1,-4.6,1.681,2.776,1.77,0.212,-0.07,-3.14,-0.05,3.1,-0.0,6.044,4.251,0.597,0.485,3.75,-3.76,2.23,7.5,1.5,3.897,3.212,-0.433,1.767,-2.35,2.2,9.84,-4.6,-12.2,2.358,4.953,2.733,-0.483,3.9,-4.8,2.5,8.7,1.4,7.023,6.62,5.767,3.75,6.4,2.2,1.9,4.2,4.5,3.296,4.015,90.653,93.01,89.22,93.4,92.03,-4.2,-2.8,2.379,3.552,1.093,1.122,1.09,1.12,1.11,-0.0,-0.0,0.025,0.042,3.933,1.367,1.3,7.3,2.4,-6.0,-1.1,3.066,4.088,4.333,1.917,-0.7,3.2,8.6,-3.9,-9.3,5.685,7.26
8,202403,0.0,3.0,9.0,0.0,4.0,8.0,0.0,1.0,10.0,0.0,5.0,7.0,0.0,10.0,2.0,0.0,4.0,8.0,0.0,3.0,7.0,0.0,5.0,7.0,0.0,5.0,7.0,0.0,12.0,1.0,0.0,10.0,1.0,0.0,8.0,3.0,0.0,1.0,11.0,0.0,7.0,5.0,0.0,10.0,2.0,0.0,2.0,0.0,1.0,0.0,9.0,0.0,7.0,0.0,6.0,0.0,0.0,0.0,0.0,0,7,0,5.25,0,12,0,6.5,82.91,7.19,11.53,88.46,54.8,104.85,5.17,1.23,8.13,7.94,0.0,6.1,2.8,1.18,91.37,1.1,0.2,-1.2,202403,2024-03-01,6,11,0.0,0.0,0,0.0,0.0,0,0.0,0.0,0,0.0,0.0,0,5.25,5.25,5.25,5.25,5.25,0.0,0.0,0.0,0.0,6.5,6.5,6.5,6.5,6.5,0.0,0.0,0.0,0.0,83.203,83.1,83.1,83.35,82.71,-0.3,0.4,0.131,0.22,7.137,7.218,7.17,7.14,7.29,0.0,-0.1,0.035,0.092,11.657,11.515,11.59,11.67,11.35,-0.1,0.2,0.061,0.16,90.44,89.31,90.51,90.77,89.32,-0.3,1.2,0.37,1.432,56.597,56.273,55.31,56.2,56.55,-0.9,-1.2,1.524,1.082,105.53,104.015,105.62,105.15,104.9,0.5,0.7,0.344,2.132,4.977,1.015,1.59,8.92,-1.77,-7.3,3.4,3.697,5.043,4.477,1.677,-0.03,5.52,-2.53,-5.6,2.5,4.086,4.362,-2.573,-2.695,-6.27,0.36,-5.2,-6.6,-1.1,3.38,2.645,5.63,1.627,8.44,8.52,-1.67,-0.1,10.1,4.937,5.403,1.407,-0.108,-1.33,1.8,-3.38,-3.1,2.1,2.563,3.153,0.317,0.868,4.45,-1.15,4.95,5.6,-0.5,3.63,3.459,3.567,-1.283,-2.3,9.1,-7.4,-11.4,5.1,5.707,6.476,6.4,4.117,4.1,8.7,-2.5,-4.6,6.6,2.3,3.912,89.387,92.605,89.6,89.34,96.1,0.3,-6.5,0.194,3.815,1.08,1.117,1.08,1.07,1.16,0.0,-0.1,0.01,0.045,1.1,0.767,-1.2,3.2,-1.3,-4.4,0.1,2.207,4.169,2.0,-0.15,-3.8,10.5,-0.6,-14.3,-3.2,7.523,6.722
9,202404,0.0,4.0,8.0,0.0,5.0,7.0,0.0,2.0,9.0,0.0,6.0,6.0,0.0,11.0,1.0,0.0,5.0,7.0,0.0,4.0,6.0,0.0,6.0,6.0,0.0,6.0,6.0,1.0,13.0,0.0,1.0,11.0,0.0,0.0,9.0,2.0,0.0,2.0,10.0,0.0,8.0,4.0,0.0,11.0,1.0,0.0,3.0,0.0,2.0,0.0,10.0,0.0,8.0,0.0,7.0,0.0,0.0,1.0,0.0,0,8,0,5.25,0,13,0,6.5,83.39,7.22,11.55,90.17,55.1,105.2,3.1,1.57,0.86,3.07,4.23,1.8,-3.2,2.28,92.57,1.11,9.1,10.1,202404,2024-04-01,7,12,0.0,0.0,0,0.0,0.0,0,0.0,0.0,0,0.0,0.0,0,5.25,5.25,5.25,5.25,5.25,0.0,0.0,0.0,0.0,6.5,6.5,6.5,6.5,6.5,0.0,0.0,0.0,0.0,83.057,83.133,82.91,83.16,83.04,-0.3,-0.1,0.131,0.154,7.153,7.202,7.19,7.1,7.3,0.1,-0.1,0.047,0.086,11.61,11.545,11.53,11.71,11.38,-0.2,0.1,0.092,0.139,89.67,89.167,88.46,90.04,87.18,-1.6,1.3,1.074,1.473,56.13,55.982,54.8,58.28,55.8,-3.5,-1.0,1.879,1.22,105.43,104.007,104.85,105.82,101.5,-1.0,3.3,0.512,2.128,3.727,2.172,5.17,4.42,-4.87,0.8,10.0,1.888,5.072,3.047,2.303,1.23,7.94,2.0,-6.7,-0.8,4.284,3.88,0.017,-0.473,8.13,-1.81,-0.3,9.9,8.4,7.372,4.822,5.437,3.228,7.94,-0.07,-2.32,8.0,10.3,4.775,5.649,0.807,0.455,0.0,3.75,2.27,-3.8,-2.3,2.634,2.725,1.093,0.24,1.18,-2.35,-2.89,3.5,4.1,3.401,2.86,2.567,0.967,6.1,3.9,-6.2,2.2,12.3,4.356,6.267,4.433,5.0,2.8,6.4,5.8,-3.6,-3.0,1.823,2.44,90.063,91.817,91.37,89.22,97.97,2.2,-6.6,1.147,3.416,1.09,1.107,1.1,1.09,1.18,0.0,-0.1,0.01,0.04,0.1,1.017,0.2,1.3,-4.7,-1.1,4.9,1.253,4.064,-1.9,-0.25,-1.2,-0.7,-9.5,-0.5,8.3,1.664,6.734
10,202405,0.0,5.0,7.0,0.0,6.0,6.0,0.0,3.0,8.0,0.0,7.0,5.0,1.0,12.0,0.0,0.0,6.0,6.0,0.0,5.0,5.0,0.0,7.0,5.0,0.0,7.0,5.0,0.0,1.0,11.0,0.0,1.0,10.0,0.0,10.0,1.0,0.0,3.0,9.0,0.0,9.0,3.0,1.0,12.0,0.0,0.0,4.0,0.0,3.0,0.0,11.0,0.0,9.0,0.0,8.0,0.0,0.0,0.0,0.0,0,9,0,5.25,0,14,0,6.5,83.43,7.24,11.52,87.78,53.6,104.58,-4.16,1.24,2.09,-4.88,2.41,-3.5,5.9,4.02,92.15,1.1,3.5,7.0,202405,2024-05-01,8,13,0.0,0.0,0,0.0,0.0,0,0.0,0.0,0,0.0,0.0,0,5.25,5.25,5.25,5.25,5.25,0.0,0.0,0.0,0.0,6.5,6.5,6.5,6.5,6.5,0.0,0.0,0.0,0.0,83.133,83.192,83.39,83.1,83.24,0.3,0.2,0.242,0.176,7.193,7.188,7.22,7.17,7.31,0.0,-0.1,0.025,0.073,11.557,11.573,11.55,11.59,11.39,-0.0,0.2,0.031,0.113,89.713,89.665,90.17,90.51,88.04,-0.3,2.1,1.099,1.133,55.07,55.865,55.1,55.31,55.5,-0.2,-0.4,0.256,1.273,105.223,104.623,105.2,105.62,101.1,-0.4,4.1,0.386,1.761,3.287,3.5,3.1,1.59,-2.2,1.5,5.3,1.797,3.723,0.923,2.232,1.57,-0.03,-2.84,1.6,4.4,0.843,3.89,0.907,-0.28,0.86,-6.27,-2.95,7.1,3.8,7.2,4.854,6.483,4.127,3.07,8.44,-3.14,-5.4,6.2,2.967,4.98,0.967,0.782,4.23,-1.33,-3.76,5.6,8.0,2.903,3.08,2.637,1.102,2.28,4.45,2.2,-2.2,0.1,1.664,2.482,1.867,2.3,1.8,-2.3,-4.8,4.1,6.6,4.2,5.197,1.233,3.5,-3.2,4.1,2.2,-7.3,-5.4,3.894,4.071,91.18,90.917,92.57,89.6,93.4,3.0,-0.8,1.494,1.8,1.097,1.095,1.11,1.08,1.12,0.0,-0.0,0.015,0.019,2.7,3.317,9.1,-1.2,7.3,10.3,1.8,5.587,4.087,1.7,3.017,10.1,-3.8,3.2,13.9,6.9,7.39,6.071
11,202406,0.0,6.0,6.0,0.0,7.0,5.0,0.0,4.0,7.0,0.0,8.0,4.0,0.0,1.0,10.0,0.0,7.0,5.0,0.0,6.0,4.0,0.0,8.0,4.0,0.0,8.0,4.0,0.0,2.0,10.0,0.0,2.0,9.0,1.0,11.0,0.0,0.0,4.0,8.0,0.0,10.0,2.0,0.0,1.0,11.0,0.0,5.0,0.0,4.0,1.0,12.0,0.0,10.0,0.0,9.0,0.0,0.0,0.0,1.0,0,10,0,5.25,0,15,0,6.5,83.47,7.24,11.53,89.31,53.4,106.1,4.8,-0.33,-0.58,0.21,1.61,2.2,-1.5,-1.94,90.42,1.09,1.8,14.2,202406,2024-06-01,9,14,0.0,0.0,0,0.0,0.0,0,0.0,0.0,0,0.0,0.0,0,5.25,5.25,5.25,5.25,5.25,0.0,0.0,0.0,0.0,6.5,6.5,6.5,6.5,6.5,0.0,0.0,0.0,0.0,83.243,83.223,83.43,82.91,83.35,0.5,0.1,0.289,0.202,7.217,7.177,7.24,7.19,7.14,0.0,0.1,0.025,0.052,11.533,11.595,11.52,11.53,11.67,-0.0,-0.2,0.015,0.078,88.803,89.622,87.78,88.46,90.77,-0.7,-3.0,1.231,1.21,54.5,55.548,53.6,54.8,56.2,-1.2,-2.6,0.794,1.581,104.877,105.203,104.58,104.85,105.15,-0.3,-0.6,0.311,0.463,1.37,3.173,-4.16,5.17,8.92,-9.3,-13.1,4.9,4.356,1.347,2.912,1.24,1.23,5.52,0.0,-4.3,0.193,3.104,3.693,0.56,2.09,8.13,0.36,-6.0,1.7,3.891,4.734,2.043,3.837,-4.88,7.94,8.52,-12.8,-13.4,6.471,5.51,2.213,1.81,2.41,0.0,1.8,2.4,0.6,2.122,2.15,2.493,1.405,4.02,1.18,-1.15,2.8,5.2,1.432,2.741,1.467,2.517,-3.5,6.1,9.1,-9.6,-12.6,4.809,4.858,1.833,4.117,5.9,2.8,8.7,3.1,-2.8,4.626,4.115,92.03,90.708,92.15,91.37,89.34,0.8,2.8,0.609,1.503,1.103,1.092,1.1,1.1,1.07,0.0,0.0,0.006,0.015,4.267,2.683,3.5,0.2,3.2,3.3,0.3,4.499,3.613,5.3,3.65,7.0,-1.2,10.5,8.2,-3.5,5.839,6.288
12,202407,0.0,7.0,5.0,0.0,8.0,4.0,0.0,5.0,6.0,0.0,9.0,3.0,0.0,2.0,9.0,0.0,8.0,4.0,0.0,7.0,3.0,0.0,9.0,3.0,0.0,9.0,3.0,0.0,3.0,9.0,0.0,3.0,8.0,0.0,1.0,11.0,0.0,5.0,7.0,0.0,11.0,1.0,0.0,2.0,10.0,0.0,6.0,0.0,5.0,0.0,1.0,0.0,11.0,0.0,10.0,0.0,0.0,0.0,0.0,0,11,0,5.25,0,16,0,6.5,83.44,7.26,11.49,88.37,52.8,105.5,3.47,6.57,-3.87,2.79,-1.31,-4.1,10.3,-5.1,87.21,1.05,-0.1,-1.6,202407,2024-07-01,10,15,0.0,0.0,0,0.0,0.0,0,0.0,0.0,0,0.0,0.0,0,5.25,5.25,5.25,5.25,5.25,0.0,0.0,0.0,0.0,6.5,6.5,6.5,6.5,6.5,0.0,0.0,0.0,0.0,83.43,83.243,83.47,83.39,83.16,0.1,0.3,0.04,0.222,7.233,7.193,7.24,7.22,7.1,0.0,0.1,0.012,0.054,11.533,11.572,11.53,11.55,11.71,-0.0,-0.2,0.015,0.072,89.087,89.378,89.31,90.17,90.04,-0.9,-0.7,1.211,1.072,54.033,55.082,53.4,55.1,58.28,-1.7,-4.9,0.929,1.754,105.293,105.362,106.1,105.2,105.82,0.9,0.3,0.764,0.587,1.247,2.487,4.8,3.1,4.42,1.7,0.4,4.759,3.511,0.827,1.937,-0.33,1.57,7.94,-1.9,-8.3,1.015,3.039,0.79,0.403,-0.58,0.86,-1.81,-1.4,1.2,1.336,4.757,-0.533,2.452,0.21,3.07,-0.07,-2.9,0.3,4.027,5.128,2.75,1.778,1.61,4.23,3.75,-2.6,-2.1,1.343,2.152,1.453,1.273,-1.94,2.28,-2.35,-4.2,0.4,3.065,2.902,0.167,1.367,2.2,1.8,3.9,0.4,-1.7,3.182,3.656,0.4,2.417,-1.5,-3.2,6.4,1.7,-7.9,4.838,3.946,91.713,90.888,90.42,92.57,89.22,-2.1,1.2,1.14,1.365,1.1,1.095,1.09,1.11,1.09,-0.0,0.0,0.01,0.01,4.8,2.45,1.8,9.1,1.3,-7.3,0.5,3.82,3.618,10.433,4.267,14.2,10.1,-0.7,4.1,14.9,3.612,7.208
13,202408,0.0,8.0,4.0,0.0,9.0,3.0,0.0,6.0,5.0,0.0,10.0,2.0,0.0,3.0,8.0,0.0,9.0,3.0,0.0,8.0,2.0,0.0,10.0,2.0,0.0,10.0,2.0,0.0,4.0,8.0,0.0,4.0,7.0,0.0,2.0,10.0,0.0,6.0,6.0,1.0,12.0,0.0,0.0,3.0,9.0,0.0,7.0,0.0,6.0,0.0,2.0,1.0,12.0,0.0,11.0,0.0,0.0,0.0,0.0,0,12,0,5.25,0,17,0,6.5,83.72,7.22,11.6,90.99,52.5,107.8,1.13,3.92,-0.97,-1.22,2.53,-1.5,4.7,-6.65,87.64,1.04,5.2,-2.1,202408,2024-08-01,11,16,0.0,0.0,0,0.0,0.0,0,0.0,0.0,0,0.0,0.0,0,5.25,5.25,5.25,5.25,5.25,0.0,0.0,0.0,0.0,6.5,6.5,6.5,6.5,6.5,0.0,0.0,0.0,0.0,83.447,83.29,83.44,83.43,83.1,0.0,0.3,0.021,0.23,7.247,7.22,7.26,7.24,7.17,0.0,0.1,0.012,0.034,11.513,11.535,11.49,11.52,11.59,-0.0,-0.1,0.021,0.033,88.487,89.1,88.37,87.78,90.51,0.6,-2.1,0.772,1.083,53.267,54.168,52.8,53.6,55.31,-0.8,-2.5,0.416,1.035,105.393,105.308,105.5,104.58,105.62,0.9,-0.1,0.766,0.55,1.37,2.328,3.47,-4.16,1.59,7.6,1.9,4.835,3.427,2.493,1.708,6.57,1.24,-0.03,5.3,6.6,3.617,2.501,-0.787,0.06,-3.87,2.09,-6.27,-6.0,2.4,2.985,5.016,-0.627,2.928,2.79,-4.88,8.44,7.7,-5.6,3.903,4.978,0.903,0.935,-1.31,2.41,-1.33,-3.7,0.0,1.958,2.215,-1.007,0.815,-5.1,4.02,4.45,-9.1,-9.6,4.631,3.697,-1.8,0.033,-4.1,-3.5,-2.3,-0.6,-1.8,3.477,3.991,4.9,3.067,10.3,5.9,4.1,4.4,6.2,5.963,4.932,89.927,90.553,87.21,92.15,89.6,-4.9,-2.4,2.507,1.969,1.08,1.088,1.05,1.1,1.08,-0.1,-0.0,0.026,0.021,1.733,2.217,-0.1,3.5,-1.2,-3.6,1.1,1.801,3.75,6.533,4.117,-1.6,7.0,-3.8,-8.6,2.2,7.91,7.34
14,202409,0.0,9.0,3.0,0.0,10.0,2.0,0.0,7.0,4.0,0.0,11.0,1.0,0.0,4.0,7.0,0.0,10.0,2.0,0.0,9.0,1.0,0.0,11.0,1.0,0.0,11.0,1.0,0.0,5.0,7.0,0.0,5.0,6.0,0.0,3.0,9.0,0.0,7.0,5.0,0.0,1.0,11.0,0.0,4.0,8.0,0.0,8.0,0.0,7.0,0.0,3.0,0.0,1.0,1.0,12.0,1.0,0.0,0.0,0.0,0,13,0,5.25,0,18,0,6.5,83.86,7.09,11.83,90.64,56.08,110.12,2.28,1.14,-3.29,-1.16,0.13,-2.8,6.2,-5.4,90.52,1.08,2.3,-0.5,202409,2024-09-01,12,17,0.0,0.0,0,0.0,0.0,0,0.0,0.0,0,0.0,0.0,0,5.25,5.25,5.25,5.25,5.25,0.0,0.0,0.0,0.0,6.5,6.5,6.5,6.5,6.5,0.0,0.0,0.0,0.0,83.543,83.393,83.72,83.47,82.91,0.3,0.8,0.154,0.264,7.24,7.228,7.22,7.24,7.19,-0.0,0.0,0.02,0.024,11.54,11.537,11.6,11.53,11.53,0.1,0.1,0.056,0.037,89.557,89.18,90.99,89.31,88.46,1.7,2.5,1.327,1.217,52.9,53.7,52.5,53.4,54.8,-0.9,-2.3,0.458,1.051,106.467,105.672,107.8,106.1,104.85,1.7,3.0,1.193,1.169,3.133,2.252,1.13,4.8,5.17,-3.7,-4.0,1.858,3.452,3.387,2.367,3.92,-0.33,1.23,4.3,2.7,3.481,2.472,-1.807,0.943,-0.97,-0.58,8.13,-0.4,-9.1,1.798,4.053,0.593,1.318,-1.22,0.21,7.94,-1.4,-9.2,2.032,4.363,0.943,1.578,2.53,1.61,0.0,0.9,2.5,2.005,1.973,-4.563,-1.035,-6.65,-1.94,1.18,-4.7,-7.8,2.4,4.25,-1.133,0.167,-1.5,2.2,6.1,-3.7,-7.6,3.166,3.91,4.5,3.167,4.7,-1.5,2.8,6.2,1.9,5.903,4.963,88.423,90.227,87.64,90.42,91.37,-2.8,-3.7,1.742,2.295,1.06,1.082,1.04,1.09,1.1,-0.1,-0.1,0.026,0.029,2.3,3.283,5.2,1.8,0.2,3.4,5.0,2.685,3.484,3.5,4.4,-2.1,14.2,-1.2,-16.3,-0.9,9.27,6.999
15,202410,0.0,10.0,2.0,0.0,11.0,1.0,0.0,8.0,3.0,1.0,12.0,0.0,0.0,5.0,6.0,0.0,11.0,1.0,1.0,10.0,0.0,1.0,12.0,0.0,1.0,12.0,0.0,0.0,6.0,6.0,0.0,6.0,5.0,0.0,4.0,8.0,0.0,8.0,4.0,0.0,2.0,10.0,0.0,5.0,7.0,0.0,9.0,0.0,8.0,0.0,4.0,0.0,2.0,0.0,1.0,0.0,0.0,0.0,0.0,1,14,-50,4.75,0,19,0,6.5,83.7,7.01,11.94,92.82,58.99,111.45,2.02,3.48,17.39,-1.88,-1.67,17.4,3.1,8.2,92.24,1.1,4.6,10.2,202410,2024-10-01,13,18,0.0,0.0,0,0.0,0.0,0,0.0,0.0,0,0.0,0.0,0,5.25,5.25,5.25,5.25,5.25,0.0,0.0,0.0,0.0,6.5,6.5,6.5,6.5,6.5,0.0,0.0,0.0,0.0,83.673,83.552,83.86,83.44,83.39,0.4,0.5,0.214,0.192,7.19,7.212,7.09,7.26,7.22,-0.2,-0.1,0.089,0.061,11.64,11.587,11.83,11.49,11.55,0.3,0.3,0.173,0.125,90.0,89.543,90.64,88.37,90.17,2.3,0.5,1.422,1.283,53.793,53.913,56.08,52.8,55.1,3.3,1.0,1.986,1.393,107.807,106.55,110.12,105.5,105.2,4.6,4.9,2.31,2.065,2.293,1.77,2.28,3.47,3.1,-1.2,-0.8,1.17,3.152,3.877,2.352,1.14,6.57,1.57,-5.4,-0.4,2.715,2.48,-2.71,-0.96,-3.29,-3.87,0.86,0.6,-4.2,1.535,2.309,0.137,-0.198,-1.16,2.79,3.07,-4.0,-4.2,2.298,2.955,0.45,1.6,0.13,-1.31,4.23,1.4,-4.1,1.94,1.953,-5.717,-2.132,-5.4,-5.1,2.28,-0.3,-7.7,0.822,4.41,-2.8,-1.317,-2.8,-4.1,1.8,1.3,-4.6,1.3,2.714,7.067,3.733,6.2,10.3,-3.2,-4.1,9.4,2.899,5.105,88.457,90.085,90.52,87.21,92.57,3.3,-2.0,1.8,2.235,1.057,1.078,1.08,1.05,1.11,0.0,-0.0,0.021,0.028,2.467,3.633,2.3,-0.1,9.1,2.4,-6.8,2.654,3.207,-1.4,4.517,-0.5,-1.6,10.1,1.1,-10.6,0.819,6.892
16,202411,0.0,11.0,1.0,1.0,12.0,0.0,0.0,9.0,2.0,0.0,1.0,11.0,0.0,6.0,5.0,1.0,12.0,0.0,0.0,1.0,11.0,0.0,1.0,11.0,0.0,1.0,10.0,0.0,7.0,5.0,0.0,7.0,4.0,0.0,5.0,7.0,0.0,9.0,3.0,0.0,3.0,9.0,0.0,6.0,6.0,0.0,10.0,0.0,9.0,0.0,5.0,0.0,3.0,0.0,2.0,0.0,0.0,0.0,0.0,0,1,0,4.75,0,20,0,6.5,84.07,7.12,11.81,91.9,56.2,109.1,-0.99,-6.22,-1.7,3.06,-3.14,-1.7,-5.8,-8.5,96.65,1.14,4.1,6.4,202411,2024-11-01,14,19,0.333,0.167,1,-16.667,-8.333,-50,0.0,0.0,0,0.0,0.0,0,5.083,5.167,4.75,5.25,5.25,-0.5,-0.5,0.289,0.204,6.5,6.5,6.5,6.5,6.5,0.0,0.0,0.0,0.0,83.76,83.603,83.7,83.72,83.43,-0.0,0.3,0.087,0.181,7.107,7.177,7.01,7.22,7.24,-0.2,-0.2,0.106,0.102,11.79,11.652,11.94,11.6,11.52,0.3,0.4,0.173,0.188,91.483,89.985,92.82,90.99,87.78,1.8,5.0,1.171,1.866,55.857,54.562,58.99,52.5,53.6,6.5,5.4,3.251,2.512,109.79,107.592,111.45,107.8,104.58,3.7,6.9,1.847,2.72,1.81,1.59,2.02,1.13,-4.16,0.9,6.2,0.603,3.091,2.847,2.67,3.48,3.92,1.24,-0.4,2.2,1.494,2.483,4.377,1.795,17.39,-0.97,2.09,18.4,15.3,11.329,7.931,-1.42,-1.023,-1.88,-1.22,-4.88,-0.7,3.0,0.399,2.519,0.33,0.617,-1.67,2.53,2.41,-4.2,-4.1,2.107,1.846,-1.283,-1.145,8.2,-6.65,4.02,14.9,4.2,8.237,5.978,4.367,1.283,17.4,-1.5,-3.5,18.9,20.9,11.306,8.208,4.667,4.783,3.1,4.7,5.9,-1.6,-2.8,1.55,3.899,90.133,90.03,92.24,87.64,92.15,4.6,0.1,2.324,2.165,1.073,1.077,1.1,1.04,1.1,0.1,0.0,0.031,0.026,4.033,2.883,4.6,5.2,3.5,-0.6,1.1,1.531,1.955,2.533,4.533,10.2,-2.1,7.0,12.3,3.2,6.688,6.908
17,202412,1.0,12.0,0.0,0.0,1.0,11.0,0.0,10.0,1.0,0.0,2.0,10.0,0.0,7.0,4.0,0.0,1.0,10.0,0.0,2.0,10.0,0.0,2.0,10.0,0.0,2.0,9.0,0.0,8.0,4.0,0.0,8.0,3.0,0.0,6.0,6.0,0.0,10.0,2.0,0.0,4.0,8.0,0.0,7.0,5.0,0.0,11.0,0.0,10.0,0.0,6.0,0.0,4.0,0.0,3.0,0.0,0.0,0.0,0.0,1,2,-25,4.5,0,21,0,6.5,84.45,7.24,11.66,89.98,54.5,107.15,5.73,0.31,0.42,1.6,2.35,4.2,4.4,4.65,106.46,1.25,-3.3,-7.5,202412,2024-12-01,1,20,0.333,0.167,0,-16.667,-8.333,0,0.0,0.0,0,0.0,0.0,0,4.917,5.083,4.75,5.25,5.25,-0.5,-0.5,0.289,0.258,6.5,6.5,6.5,6.5,6.5,0.0,0.0,0.0,0.0,83.877,83.71,84.07,83.86,83.47,0.2,0.6,0.186,0.238,7.073,7.157,7.12,7.09,7.24,0.0,-0.1,0.057,0.099,11.86,11.7,11.81,11.83,11.53,-0.0,0.3,0.07,0.184,91.787,90.672,91.9,90.64,89.31,1.3,2.6,1.094,1.636,57.09,54.995,56.2,56.08,53.4,0.1,2.8,1.647,2.537,110.223,108.345,109.1,110.12,106.1,-1.0,3.0,1.178,2.315,1.103,2.118,-0.99,2.28,4.8,-3.3,-5.8,1.818,1.985,-0.533,1.427,-6.22,1.14,-0.33,-7.4,-5.9,5.062,4.439,4.133,1.163,-1.7,-3.29,-0.58,1.6,-1.1,11.508,8.053,0.007,0.3,3.06,-1.16,0.21,4.2,2.9,2.669,2.146,-1.56,-0.308,-3.14,0.13,1.61,-3.3,-4.8,1.638,2.136,-1.9,-3.232,-8.5,-5.4,-1.94,-3.1,-6.6,8.883,6.0,4.3,1.583,-1.7,-2.8,2.2,1.1,-3.9,11.358,8.029,1.167,2.833,-5.8,6.2,-1.5,-12.0,-4.3,6.229,5.726,93.137,90.78,96.65,90.52,90.42,6.1,6.2,3.162,3.446,1.107,1.083,1.14,1.08,1.09,0.1,0.0,0.031,0.036,3.667,2.983,4.1,2.3,1.8,1.8,2.3,1.21,2.007,5.367,4.433,6.4,-0.5,14.2,6.9,-7.8,5.424,6.869
18,202501,0.0,1.0,11.0,0.0,2.0,10.0,1.0,11.0,0.0,0.0,3.0,9.0,0.0,8.0,3.0,0.0,2.0,9.0,0.0,3.0,9.0,0.0,3.0,9.0,0.0,3.0,8.0,0.0,9.0,3.0,0.0,9.0,2.0,0.0,7.0,5.0,0.0,11.0,1.0,0.0,5.0,7.0,0.0,8.0,4.0,1.0,12.0,0.0,11.0,0.0,7.0,0.0,5.0,0.0,4.0,0.0,1.0,0.0,0.0,1,1,-25,4.25,1,22,-25,6.25,84.97,7.28,11.67,87.91,54.37,108.38,-2.48,0.05,-1.83,-1.09,0.48,-2.1,1.9,0.42,102.94,1.21,0.8,1.2,202501,2025-01-01,2,21,0.667,0.333,1,-25.0,-12.5,-25,0.0,0.0,0,0.0,0.0,0,4.667,4.958,4.5,4.75,5.25,-0.3,-0.8,0.144,0.332,6.5,6.5,6.5,6.5,6.5,0.0,0.0,0.0,0.0,84.073,83.873,84.45,83.7,83.44,0.8,1.0,0.375,0.35,7.123,7.157,7.24,7.01,7.26,0.2,-0.0,0.115,0.099,11.803,11.722,11.66,11.94,11.49,-0.3,0.2,0.14,0.167,91.567,90.783,89.98,92.82,88.37,-2.8,1.6,1.449,1.545,56.563,55.178,54.5,58.99,52.8,-4.5,1.7,2.267,2.436,109.233,108.52,107.15,111.45,105.5,-4.3,1.7,2.153,2.145,2.253,2.273,5.73,2.02,3.47,3.7,2.3,3.366,2.254,-0.81,1.533,0.31,3.48,6.57,-3.2,-6.3,4.946,4.396,5.37,1.33,0.42,17.39,-3.87,-17.0,4.3,10.463,8.02,0.927,0.532,1.6,-1.88,2.79,3.5,-1.2,2.538,2.208,-0.82,-0.185,2.35,-1.67,-1.31,4.0,3.7,2.842,2.285,1.45,-2.133,4.65,8.2,-5.1,-3.5,9.8,8.798,6.829,6.633,1.917,4.2,17.4,-4.1,-13.2,8.3,9.78,8.101,0.567,3.817,4.4,3.1,10.3,1.3,-5.9,5.552,5.326,98.45,93.453,106.46,92.24,87.21,14.2,19.3,7.279,7.242,1.163,1.11,1.25,1.1,1.05,0.1,0.2,0.078,0.077,1.8,2.133,-3.3,4.6,-0.1,-7.9,-3.2,4.424,3.283,3.033,0.817,-7.5,10.2,-1.6,-17.7,-5.9,9.318,6.395
19,202502,0.0,2.0,10.0,0.0,3.0,9.0,0.0,1.0,12.0,0.0,4.0,8.0,0.0,9.0,2.0,0.0,3.0,8.0,0.0,4.0,8.0,0.0,4.0,8.0,0.0,4.0,7.0,0.0,10.0,2.0,0.0,10.0,1.0,0.0,8.0,4.0,1.0,12.0,0.0,0.0,6.0,6.0,0.0,9.0,3.0,0.0,1.0,0.0,12.0,0.0,8.0,0.0,6.0,0.0,5.0,0.0,0.0,0.0,0.0,0,1,0,4.25,0,1,0,6.25,85.35,7.33,11.64,88.21,54.55,108.45,2.7,-0.58,-6.3,8.4,-1.3,-3.2,-0.8,1.26,101.64,1.17,3.4,5.1,202502,2025-02-01,1,22,0.667,0.5,1,-16.667,-16.667,-25,0.333,0.167,1,-8.333,-4.167,-25,4.5,4.792,4.25,4.75,5.25,-0.5,-1.0,0.25,0.401,6.417,6.458,6.25,6.5,6.5,-0.3,-0.3,0.144,0.102,84.497,84.128,84.97,84.07,83.72,0.9,1.3,0.452,0.497,7.213,7.16,7.28,7.12,7.22,0.2,0.1,0.083,0.103,11.713,11.752,11.67,11.81,11.6,-0.1,0.1,0.084,0.129,89.93,90.707,87.91,91.9,90.99,-4.0,-3.1,1.995,1.693,55.023,55.44,54.37,56.2,52.5,-1.8,1.9,1.021,2.203,108.21,109.0,108.38,109.1,107.8,-0.7,0.6,0.986,1.582,0.753,1.282,-2.48,-0.99,1.13,-1.5,-3.6,4.374,2.852,-1.953,0.447,0.05,-6.22,3.92,6.3,-3.9,3.697,3.643,-1.037,1.67,-1.83,-1.7,-0.97,-0.1,-0.9,1.263,7.796,1.19,-0.115,-1.09,3.06,-1.22,-4.2,0.1,2.105,1.97,-0.103,0.113,0.48,-3.14,2.53,3.6,-2.1,2.791,2.225,-1.143,-1.213,0.42,-8.5,-6.65,8.9,7.1,6.713,6.721,0.133,2.25,-2.1,-1.7,-1.5,-0.4,-0.6,3.528,7.841,0.167,2.417,1.9,-5.8,4.7,7.7,-2.8,5.316,4.283,102.017,96.075,102.94,96.65,87.64,6.3,15.3,4.97,7.376,1.2,1.137,1.21,1.14,1.04,0.1,0.2,0.056,0.08,0.533,2.283,0.8,4.1,5.2,-3.3,-4.4,3.707,3.18,0.033,1.283,1.2,6.4,-2.1,-5.2,3.3,7.023,6.284
20,202503,0.0,3.0,9.0,0.0,4.0,8.0,0.0,2.0,11.0,0.0,5.0,7.0,0.0,10.0,1.0,0.0,4.0,7.0,0.0,5.0,7.0,0.0,5.0,7.0,0.0,5.0,6.0,0.0,11.0,1.0,1.0,11.0,0.0,0.0,9.0,3.0,0.0,1.0,11.0,0.0,7.0,5.0,0.0,10.0,2.0,0.0,2.0,1.0,13.0,0.0,9.0,0.0,7.0,0.0,6.0,0.0,0.0,1.0,0.0,0,2,0,4.25,0,2,0,6.25,85.6,7.28,11.76,90.44,57.44,110.2,-1.42,1.18,8.1,7.9,0.0,4.5,3.5,3.1,88.0,1.04,2.1,4.3,202503,2025-03-01,1,1,0.667,0.5,0,-16.667,-16.667,0,0.333,0.167,0,-8.333,-4.167,0,4.333,4.625,4.25,4.5,5.25,-0.3,-1.0,0.144,0.379,6.333,6.417,6.25,6.5,6.5,-0.3,-0.3,0.144,0.129,84.923,84.4,85.35,84.45,83.86,0.9,1.5,0.452,0.651,7.283,7.178,7.33,7.24,7.09,0.1,0.2,0.045,0.124,11.657,11.758,11.64,11.66,11.83,-0.0,-0.2,0.015,0.12,88.7,90.243,88.21,89.98,90.64,-1.8,-2.4,1.119,1.959,54.473,55.782,54.55,54.5,56.08,0.0,-1.5,0.093,1.773,107.993,109.108,108.45,107.15,110.12,1.3,-1.7,0.731,1.504,1.983,1.543,2.7,5.73,2.28,-3.0,0.4,4.152,2.907,-0.073,-0.303,-0.58,0.31,1.14,-0.9,-1.7,0.458,3.224,-2.57,0.782,-6.3,0.42,-3.29,-6.7,-3.0,3.421,8.434,2.97,1.488,8.4,1.6,-1.16,6.8,9.6,4.891,3.88,0.51,-0.525,-1.3,2.35,0.13,-3.7,-1.4,1.825,1.921,2.11,0.105,1.26,4.65,-5.4,-3.4,6.7,2.239,6.196,-0.367,1.967,-3.2,4.2,-2.8,-7.4,-0.4,3.993,8.032,1.833,1.5,-0.8,4.4,6.2,-5.2,-7.0,2.601,4.285,103.68,98.408,101.64,106.46,90.52,-4.8,11.1,2.494,6.311,1.21,1.158,1.17,1.25,1.08,-0.1,0.1,0.04,0.065,0.3,1.983,3.4,-3.3,2.3,6.7,1.1,3.378,2.924,-0.4,2.483,5.1,-7.5,-0.5,12.6,5.6,6.451,6.196
21,202504,0.0,4.0,8.0,0.0,5.0,7.0,0.0,3.0,10.0,0.0,6.0,6.0,1.0,11.0,0.0,0.0,5.0,6.0,0.0,6.0,6.0,0.0,6.0,6.0,0.0,6.0,5.0,1.0,12.0,0.0,0.0,1.0,11.0,0.0,10.0,2.0,0.0,2.0,10.0,0.0,8.0,4.0,0.0,11.0,1.0,0.0,3.0,0.0,1.0,0.0,10.0,0.0,8.0,0.0,7.0,0.0,0.0,0.0,0.0,0,3,0,4.25,0,3,0,6.25,85.92,7.23,11.88,94.32,58.1,111.8,-5.75,1.57,-0.2,3.1,0.1,-14.8,-2.4,-2.15,84.0,1.01,2.8,-1.2,202504,2025-04-01,2,2,0.333,0.5,0,-8.333,-16.667,0,0.333,0.167,0,-8.333,-4.167,0,4.25,4.458,4.25,4.25,4.75,0.0,-0.5,0.0,0.246,6.25,6.375,6.25,6.25,6.5,0.0,-0.3,0.0,0.137,85.307,84.69,85.6,84.97,83.7,0.6,1.9,0.317,0.744,7.297,7.21,7.28,7.28,7.01,0.0,0.3,0.029,0.121,11.69,11.747,11.76,11.67,11.94,0.1,-0.2,0.062,0.115,88.853,90.21,90.44,87.91,92.82,2.5,-2.4,1.382,1.953,55.453,56.008,57.44,54.37,58.99,3.1,-1.6,1.723,1.901,109.01,109.122,110.2,108.38,111.45,1.8,-1.3,1.031,1.515,-0.4,0.927,-1.42,-2.48,2.02,1.1,-3.4,2.736,3.105,0.217,-0.297,1.18,0.05,3.48,1.1,-2.3,0.892,3.228,-0.01,2.68,8.1,-1.83,17.39,9.9,-9.3,7.371,8.614,5.07,2.998,7.9,-1.09,-1.88,9.0,9.8,5.341,4.374,-0.273,-0.547,0.0,0.48,-1.67,-0.5,1.7,0.921,1.913,1.593,1.522,3.1,0.42,8.2,2.7,-5.1,1.371,5.632,-0.267,3.183,4.5,-2.1,17.4,6.6,-12.9,4.165,7.712,1.533,1.05,3.5,1.9,3.1,1.6,0.4,2.173,3.808,97.527,97.988,88.0,102.94,92.24,-14.9,-4.2,8.276,6.989,1.14,1.152,1.04,1.21,1.1,-0.2,-0.1,0.089,0.076,2.1,1.95,2.1,0.8,4.6,1.3,-2.5,1.3,2.921,3.533,3.283,4.3,1.2,10.2,3.1,-5.9,2.06,6.042
22,202505,0.0,5.0,7.0,0.0,6.0,6.0,0.0,4.0,9.0,0.0,7.0,5.0,0.0,1.0,11.0,0.0,6.0,5.0,0.0,7.0,5.0,0.0,7.0,5.0,0.0,7.0,4.0,0.0,1.0,10.0,0.0,2.0,10.0,0.0,11.0,1.0,0.0,3.0,9.0,0.0,9.0,3.0,1.0,12.0,0.0,0.0,4.0,0.0,2.0,0.0,11.0,0.0,9.0,0.0,8.0,0.0,0.0,0.0,0.0,0,4,0,4.25,1,4,-25,6.0,85.8,7.29,11.77,97.8,59.95,115.1,-0.76,1.24,2.1,-4.9,2.4,2.1,7.2,1.8,83.18,0.98,5.2,8.9,202505,2025-05-01,3,3,0.0,0.333,0,0.0,-8.333,0,0.0,0.167,0,0.0,-4.167,0,4.25,4.375,4.25,4.25,4.75,0.0,-0.5,0.0,0.209,6.25,6.333,6.25,6.25,6.5,0.0,-0.3,0.0,0.129,85.623,85.06,85.92,85.35,84.07,0.6,1.9,0.286,0.704,7.28,7.247,7.23,7.33,7.12,-0.1,0.1,0.05,0.071,11.76,11.737,11.88,11.64,11.81,0.2,0.1,0.12,0.096,90.99,90.46,94.32,88.21,91.9,6.1,2.4,3.092,2.399,56.697,55.86,58.1,54.55,56.2,3.6,1.9,1.888,1.638,110.15,109.18,111.8,108.45,109.1,3.3,2.7,1.676,1.625,-1.49,-0.368,-5.75,2.7,-0.99,-8.5,-4.8,4.225,4.038,0.723,-0.615,1.57,-0.58,-6.22,2.2,7.8,1.145,2.853,0.533,-0.252,-0.2,-6.3,-1.7,6.1,1.5,7.228,4.72,6.467,3.828,3.1,8.4,3.06,-5.3,0.0,2.926,3.681,-0.4,-0.252,0.1,-1.3,-3.14,1.4,3.2,0.781,1.84,0.737,-0.203,-2.15,1.26,-8.5,-3.4,6.4,2.664,4.682,-4.5,-2.183,-14.8,-3.2,-1.7,-11.6,-13.1,9.715,7.012,0.1,0.133,-2.4,-0.8,-5.8,-1.6,3.4,3.051,3.877,91.213,96.615,84.0,101.64,96.65,-17.6,-12.7,9.249,8.894,1.073,1.137,1.01,1.17,1.14,-0.2,-0.1,0.085,0.095,2.767,1.65,2.8,3.4,4.1,-0.6,-1.3,0.651,2.676,2.733,1.383,-1.2,5.1,6.4,-6.3,-7.6,3.43,5.16
23,202506,0.0,6.0,6.0,0.0,7.0,5.0,0.0,5.0,8.0,0.0,8.0,4.0,0.0,2.0,10.0,0.0,7.0,4.0,0.0,8.0,4.0,0.0,8.0,4.0,0.0,8.0,3.0,0.0,2.0,9.0,0.0,3.0,9.0,1.0,12.0,0.0,0.0,4.0,8.0,0.0,10.0,2.0,0.0,1.0,11.0,0.0,5.0,0.0,3.0,1.0,12.0,0.0,10.0,0.0,9.0,0.0,0.0,0.0,1.0,0,5,0,4.25,0,1,0,6.0,85.45,7.23,11.82,95.99,58.65,114.25,6.15,1.71,-0.6,0.2,2.0,0.8,2.1,-4.2,78.46,0.92,-0.4,2.1,202506,2025-06-01,4,4,0.0,0.333,0,0.0,-8.333,0,0.333,0.333,1,-8.333,-8.333,-25,4.25,4.292,4.25,4.25,4.5,0.0,-0.3,0.0,0.102,6.167,6.25,6.0,6.25,6.5,-0.3,-0.5,0.144,0.158,85.773,85.348,85.8,85.6,84.45,0.2,1.3,0.162,0.556,7.267,7.275,7.29,7.28,7.24,0.0,0.0,0.032,0.036,11.803,11.73,11.77,11.76,11.66,0.0,0.1,0.067,0.091,94.187,91.443,97.8,90.44,89.98,7.4,7.8,3.682,3.867,58.497,56.485,59.95,57.44,54.5,2.5,5.5,1.301,2.353,112.367,110.18,115.1,110.2,107.15,4.9,7.9,2.499,2.907,-2.643,-0.33,-0.76,-1.42,5.73,0.7,-6.5,2.711,4.032,1.33,0.628,1.24,1.18,0.31,0.1,0.9,0.21,0.832,3.333,0.382,2.1,8.1,0.42,-6.0,1.7,4.285,4.741,2.033,2.502,-4.9,7.9,1.6,-12.8,-6.5,6.466,5.153,0.833,0.672,2.4,0.0,2.35,2.4,0.0,1.358,1.45,0.917,1.513,1.8,3.1,4.65,-1.3,-2.9,2.734,2.329,-2.733,-1.55,2.1,4.5,4.2,-2.4,-2.1,10.519,7.233,2.767,2.3,7.2,3.5,4.4,3.7,2.8,4.842,3.513,85.06,94.37,83.18,88.0,106.46,-4.8,-23.3,2.579,10.448,1.01,1.11,0.98,1.04,1.25,-0.1,-0.3,0.03,0.114,3.367,1.833,5.2,2.1,-3.3,3.1,8.5,1.626,2.906,4.0,1.8,8.9,4.3,-7.5,4.6,16.4,5.057,5.717
24,202507,0.0,7.0,5.0,0.0,8.0,4.0,0.0,6.0,7.0,0.0,9.0,3.0,0.0,3.0,9.0,0.0,8.0,3.0,0.0,9.0,3.0,0.0,9.0,3.0,0.0,9.0,2.0,0.0,3.0,8.0,0.0,4.0,8.0,0.0,1.0,10.0,0.0,5.0,7.0,0.0,11.0,1.0,0.0,2.0,10.0,0.0,6.0,0.0,4.0,0.0,1.0,0.0,11.0,0.0,10.0,0.0,0.0,0.0,0.0,0,6,0,4.25,1,2,-50,5.5,85.78,7.19,11.93,96.81,58.94,116.32,4.96,6.57,-3.9,2.8,-1.3,3.5,8.9,0.6,78.62,0.91,1.9,-0.5,202507,2025-07-01,5,1,0.0,0.167,0,0.0,-4.167,0,0.333,0.333,0,-8.333,-8.333,0,4.25,4.25,4.25,4.25,4.25,0.0,0.0,0.0,0.0,6.083,6.167,6.0,6.25,6.25,-0.3,-0.3,0.144,0.129,85.723,85.515,85.45,85.92,84.97,-0.5,0.5,0.244,0.341,7.25,7.273,7.23,7.23,7.28,0.0,-0.0,0.035,0.038,11.823,11.757,11.82,11.88,11.67,-0.1,0.2,0.055,0.09,96.037,92.445,95.99,94.32,87.91,1.7,8.1,1.74,4.178,58.9,57.177,58.65,58.1,54.37,0.5,4.3,0.95,2.261,113.717,111.363,114.25,111.8,108.38,2.5,5.9,1.713,2.871,-0.12,-0.26,6.15,-5.75,-2.48,11.9,8.6,5.976,4.16,1.507,0.862,1.71,1.57,0.05,0.1,1.7,0.241,0.917,0.433,0.212,-0.6,-0.2,-1.83,-0.4,1.2,1.457,4.758,-0.533,2.268,0.2,3.1,-1.09,-2.9,1.3,4.05,5.233,1.5,0.613,2.0,0.1,0.48,1.9,1.5,1.229,1.374,-1.517,0.038,-4.2,-2.15,0.42,-2.1,-4.6,3.05,2.715,-3.967,-2.117,0.8,-14.8,-2.1,15.6,2.9,9.404,6.813,2.3,1.917,2.1,-2.4,1.9,4.5,0.2,4.803,3.361,81.88,89.703,78.46,84.0,102.94,-5.5,-24.5,2.99,10.219,0.97,1.055,0.92,1.01,1.21,-0.1,-0.3,0.046,0.113,2.533,2.317,-0.4,2.8,0.8,-3.2,-1.2,2.81,1.972,3.267,3.4,2.1,-1.2,1.2,3.3,0.9,5.15,3.511
25,202508,0.0,8.0,4.0,0.0,9.0,3.0,0.0,7.0,6.0,0.0,10.0,2.0,0.0,4.0,8.0,0.0,9.0,2.0,0.0,10.0,2.0,0.0,10.0,2.0,0.0,10.0,1.0,0.0,4.0,7.0,0.0,5.0,7.0,0.0,2.0,9.0,0.0,6.0,6.0,1.0,12.0,0.0,0.0,3.0,9.0,0.0,7.0,0.0,5.0,0.0,2.0,1.0,12.0,0.0,11.0,0.0,0.0,0.0,0.0,0,7,0,4.25,0,1,0,5.5,86.2,7.16,12.04,100.56,57.64,118.8,2.17,3.1,-1.0,-1.2,2.5,-2.2,3.4,-3.45,78.0,0.91,3.5,7.8,202508,2025-08-01,6,2,0.0,0.0,0,0.0,0.0,0,0.667,0.333,1,-25.0,-12.5,-50,4.25,4.25,4.25,4.25,4.25,0.0,0.0,0.0,0.0,5.833,6.042,5.5,6.0,6.25,-0.5,-0.8,0.289,0.292,85.677,85.65,85.78,85.8,85.35,-0.0,0.4,0.197,0.221,7.237,7.258,7.19,7.29,7.33,-0.1,-0.1,0.05,0.051,11.84,11.8,11.93,11.77,11.64,0.2,0.3,0.082,0.102,96.867,93.928,96.81,97.8,88.21,-1.0,8.6,0.906,3.81,59.18,57.938,58.94,59.95,54.55,-1.0,4.4,0.682,1.861,115.223,112.687,116.32,115.1,108.45,1.2,7.9,1.04,3.046,3.45,0.98,4.96,-0.76,2.7,5.7,2.3,3.694,4.463,3.173,1.948,6.57,1.24,-0.58,5.3,7.2,2.951,2.41,-0.8,-0.133,-3.9,2.1,-6.3,-6.0,2.4,3.005,5.004,-0.633,2.917,2.8,-4.9,8.4,7.7,-5.6,3.917,4.968,1.033,0.317,-1.3,2.4,-1.3,-3.7,0.0,2.031,1.584,-0.6,0.068,0.6,1.8,1.26,-1.2,-0.7,3.175,2.721,2.133,-1.183,3.5,2.1,-3.2,1.4,6.7,1.35,7.189,6.067,3.083,8.9,7.2,-0.8,1.7,9.7,3.539,4.406,80.087,85.65,78.62,83.18,101.64,-4.6,-23.0,2.68,8.616,0.937,1.005,0.91,0.98,1.17,-0.1,-0.3,0.038,0.095,2.233,2.5,1.9,5.2,3.4,-3.3,-1.5,2.815,1.85,3.5,3.117,-0.5,8.9,5.1,-9.4,-5.6,4.854,3.782
26,202509,0.0,9.0,3.0,0.0,10.0,2.0,0.0,8.0,5.0,0.0,11.0,1.0,0.0,5.0,7.0,0.0,10.0,1.0,0.0,11.0,1.0,0.0,11.0,1.0,1.0,11.0,0.0,0.0,5.0,6.0,0.0,6.0,6.0,0.0,3.0,8.0,0.0,7.0,5.0,0.0,1.0,11.0,0.0,4.0,8.0,0.0,8.0,0.0,6.0,0.0,3.0,0.0,1.0,1.0,12.0,1.0,0.0,0.0,0.0,0,8,0,4.25,0,2,0,5.5,87.5,7.18,12.19,101.75,58.75,120.45,1.91,-2.93,-3.3,-1.2,0.1,-1.5,-1.2,-7.2,78.98,0.89,6.2,12.4,202509,2025-09-01,7,1,0.0,0.0,0,0.0,0.0,0,0.333,0.333,0,-16.667,-12.5,0,4.25,4.25,4.25,4.25,4.25,0.0,0.0,0.0,0.0,5.667,5.917,5.5,6.0,6.25,-0.5,-0.8,0.289,0.342,85.81,85.792,86.2,85.45,85.6,0.8,0.6,0.376,0.26,7.193,7.23,7.16,7.23,7.28,-0.1,-0.1,0.035,0.05,11.93,11.867,12.04,11.82,11.76,0.2,0.3,0.11,0.107,97.787,95.987,100.56,95.99,90.44,4.6,10.1,2.437,3.418,58.41,58.453,57.64,58.65,57.44,-1.0,0.2,0.682,0.93,116.457,114.412,118.8,114.25,110.2,4.5,8.6,2.278,3.097,4.427,0.892,2.17,6.15,-1.42,-4.0,3.6,2.043,4.428,3.793,2.562,3.1,1.71,1.18,1.4,1.9,2.503,2.084,-1.833,0.75,-1.0,-0.6,8.1,-0.4,-9.1,1.801,4.081,0.6,1.317,-1.2,0.2,7.9,-1.4,-9.1,2.03,4.358,1.067,0.95,2.5,2.0,0.0,0.5,2.5,2.065,1.568,-2.35,-0.717,-3.45,-4.2,3.1,0.8,-6.6,2.582,2.976,0.7,-1.017,-2.2,0.8,4.5,-3.0,-6.7,2.851,7.145,4.8,3.783,3.4,2.1,3.5,1.3,-0.1,3.61,3.979,78.36,81.71,78.0,78.46,88.0,-0.5,-10.0,0.322,4.021,0.913,0.962,0.91,0.92,1.04,-0.0,-0.1,0.006,0.056,1.667,2.517,3.5,-0.4,2.1,3.9,1.4,1.96,1.861,3.133,3.567,7.8,2.1,4.3,5.7,3.5,4.245,4.203
27,202510,0.0,10.0,2.0,0.0,11.0,1.0,0.0,9.0,4.0,1.0,12.0,0.0,0.0,6.0,6.0,1.0,11.0,0.0,1.0,12.0,0.0,1.0,12.0,0.0,0.0,1.0,12.0,0.0,6.0,5.0,0.0,7.0,5.0,0.0,4.0,7.0,0.0,8.0,4.0,0.0,2.0,10.0,0.0,5.0,7.0,0.0,9.0,0.0,7.0,0.0,4.0,0.0,2.0,0.0,1.0,0.0,0.0,0.0,0.0,1,9,-25,4.0,0,3,0,5.5,88.32,7.13,12.39,103.21,59.83,122.1,3.53,-1.72,17.4,-1.9,-1.5,6.4,4.6,5.85,82.45,0.93,4.4,11.1,202510,2025-10-01,8,2,0.0,0.0,0,0.0,0.0,0,0.333,0.333,0,-16.667,-12.5,0,4.25,4.25,4.25,4.25,4.25,0.0,0.0,0.0,0.0,5.5,5.792,5.5,5.5,6.25,0.0,-0.8,0.0,0.332,86.493,86.108,87.5,85.78,85.92,1.7,1.6,0.897,0.723,7.177,7.213,7.18,7.19,7.23,-0.0,-0.1,0.015,0.047,12.053,11.938,12.19,11.93,11.88,0.3,0.3,0.131,0.155,99.707,97.872,101.75,96.81,94.32,4.9,7.4,2.578,2.813,58.443,58.672,58.75,58.94,58.1,-0.2,0.6,0.702,0.788,118.523,116.12,120.45,116.32,111.8,4.1,8.7,2.079,3.136,3.013,1.447,1.91,4.96,-5.75,-3.1,7.7,1.691,4.286,2.247,1.877,-2.93,6.57,1.57,-9.5,-4.5,4.807,3.071,-2.733,-1.15,-3.3,-3.9,-0.2,0.6,-3.1,1.531,2.19,0.133,-0.2,-1.2,2.8,3.1,-4.0,-4.3,2.309,2.971,0.433,0.967,0.1,-1.3,0.1,1.4,0.0,1.922,1.556,-3.35,-2.433,-7.2,0.6,-2.15,-7.8,-5.1,3.901,3.289,-0.067,-2.017,-1.5,3.5,-14.8,-5.0,13.3,3.109,6.619,3.7,3.0,-1.2,8.9,-2.4,-10.1,1.2,5.057,4.477,78.533,80.207,78.98,78.62,84.0,0.4,-5.0,0.496,2.652,0.903,0.937,0.89,0.91,1.01,-0.0,-0.1,0.012,0.047,3.867,3.2,6.2,1.9,2.8,4.3,3.4,2.173,2.362,6.567,4.917,12.4,-0.5,-1.2,12.9,13.6,6.538,5.565
28,202511,0.0,11.0,1.0,1.0,12.0,0.0,0.0,10.0,3.0,0.0,1.0,11.0,0.0,7.0,5.0,0.0,1.0,12.0,0.0,1.0,12.0,0.0,1.0,11.0,0.0,2.0,11.0,0.0,7.0,4.0,0.0,8.0,4.0,0.0,5.0,6.0,0.0,9.0,3.0,0.0,3.0,9.0,0.0,6.0,6.0,0.0,10.0,0.0,8.0,0.0,5.0,0.0,3.0,0.0,2.0,0.0,0.0,0.0,0.0,1,1,-25,3.75,0,4,0,5.5,88.37,7.12,12.41,103.27,59.65,121.25,2.27,0.76,-0.5,3.1,0.4,1.1,5.1,-6.42,79.62,0.91,5.5,8.2,202511,2025-11-01,9,3,0.333,0.167,1,-8.333,-4.167,-25,0.0,0.333,0,0.0,-12.5,0,4.167,4.208,4.0,4.25,4.25,-0.3,-0.3,0.144,0.102,5.5,5.667,5.5,5.5,6.0,0.0,-0.5,0.0,0.258,87.34,86.508,88.32,86.2,85.8,2.1,2.5,1.069,1.141,7.157,7.197,7.13,7.16,7.29,-0.0,-0.2,0.025,0.056,12.207,12.023,12.39,12.04,11.77,0.4,0.6,0.176,0.235,101.84,99.353,103.21,100.56,97.8,2.6,5.4,1.327,2.907,58.74,58.96,59.83,57.64,59.95,2.2,-0.1,1.095,0.851,120.45,117.837,122.1,118.8,115.1,3.3,7.0,1.65,3.117,2.537,2.993,3.53,2.17,-0.76,1.4,4.3,0.87,2.452,-0.517,1.328,-1.72,3.1,1.24,-4.8,-3.0,3.19,3.412,4.367,1.783,17.4,-1.0,2.1,18.4,15.3,11.346,7.944,-1.433,-1.033,-1.9,-1.2,-4.9,-0.7,3.0,0.404,2.529,0.367,0.7,-1.5,2.5,2.4,-4.0,-3.9,2.013,1.845,-1.6,-1.1,5.85,-3.45,1.8,9.3,4.1,6.719,4.732,0.9,1.517,6.4,-2.2,2.1,8.6,4.3,4.776,3.211,2.267,4.167,4.6,3.4,7.2,1.2,-2.6,3.062,3.618,79.81,79.948,82.45,78.0,83.18,4.5,-0.7,2.338,2.255,0.91,0.923,0.93,0.91,0.98,0.0,-0.0,0.02,0.031,4.7,3.467,4.4,3.5,5.2,0.9,-0.8,1.375,2.398,10.433,6.967,11.1,7.8,8.9,3.3,2.2,2.371,5.108
29,202512,1.0,12.0,0.0,0.0,1.0,11.0,0.0,11.0,2.0,0.0,2.0,10.0,0.0,8.0,4.0,0.0,2.0,11.0,0.0,2.0,11.0,0.0,2.0,10.0,0.0,3.0,10.0,0.0,8.0,3.0,0.0,9.0,3.0,0.0,6.0,5.0,0.0,10.0,2.0,0.0,4.0,8.0,0.0,7.0,5.0,0.0,11.0,0.0,9.0,0.0,6.0,0.0,4.0,0.0,3.0,0.0,0.0,0.0,0.0,0,1,0,0.0,0,5,0,5.5,89.5,7.07,12.66,102.24,57.28,123.5,0.13,4.51,1.3,1.2,-1.8,4.8,3.8,2.18,78.1,0.9,2.2,18.5,202512,2025-12-01,1,4,0.667,0.333,1,-16.667,-8.333,-25,0.0,0.167,0,0.0,-8.333,0,4.0,4.125,3.75,4.25,4.25,-0.5,-0.5,0.25,0.209,5.5,5.583,5.5,5.5,6.0,0.0,-0.5,0.0,0.204,88.063,86.937,88.37,87.5,85.45,0.9,2.9,0.489,1.294,7.143,7.168,7.12,7.18,7.23,-0.1,-0.1,0.032,0.041,12.33,12.13,12.41,12.19,11.82,0.2,0.6,0.122,0.242,102.743,100.265,103.27,101.75,95.99,1.5,7.3,0.861,3.169,59.41,58.91,59.65,58.75,58.65,0.9,1.0,0.579,0.788,121.267,118.862,121.25,120.45,114.25,0.8,7.0,0.825,3.048,2.57,3.498,2.27,1.91,6.15,0.4,-3.9,0.851,1.73,-1.297,1.248,0.76,-2.93,1.71,3.7,-1.0,1.881,3.42,4.533,1.35,-0.5,-3.3,-0.6,2.8,0.1,11.23,7.994,0.0,0.3,3.1,-1.2,0.2,4.3,2.9,2.707,2.165,-0.333,0.367,0.4,0.1,2.0,0.3,-1.6,1.021,1.646,-2.59,-2.47,-6.42,-7.2,-4.2,0.8,-2.2,7.32,4.911,2.0,1.35,1.1,-1.5,0.8,2.6,0.3,4.026,3.2,2.833,3.817,5.1,-1.2,2.1,6.3,3.0,3.502,3.358,80.35,79.355,79.62,78.98,78.46,0.6,1.2,1.847,1.61,0.91,0.912,0.91,0.89,0.92,0.0,-0.0,0.02,0.013,5.367,3.517,5.5,6.2,-0.4,-0.7,5.9,0.907,2.444,10.567,6.85,8.2,12.4,2.1,-4.2,6.1,2.15,5.063
30,202601,0.0,1.0,11.0,0.0,2.0,10.0,0.0,12.0,1.0,0.0,3.0,9.0,0.0,9.0,3.0,0.0,3.0,10.0,0.0,3.0,10.0,0.0,3.0,9.0,0.0,4.0,9.0,0.0,9.0,2.0,0.0,10.0,2.0,0.0,7.0,4.0,0.0,11.0,1.0,0.0,5.0,7.0,0.0,8.0,4.0,1.0,12.0,0.0,10.0,0.0,7.0,0.0,5.0,0.0,4.0,0.0,1.0,0.0,0.0,1,2,-25,3.5,1,6,-25,5.25,90.02,7.03,12.81,105.79,57.42,125.1,-0.05,1.87,1.1,2.5,2.15,2.3,2.5,3.37,79.1,0.88,1.1,4.8,202601,2026-01-01,1,5,0.667,0.333,0,-16.667,-8.333,0,0.0,0.167,0,0.0,-8.333,0,2.583,3.417,0.0,4.0,4.25,-4.0,-4.3,2.241,1.686,5.5,5.5,5.5,5.5,5.5,0.0,0.0,0.0,0.0,88.73,87.612,89.5,88.32,85.78,1.2,3.7,0.667,1.414,7.107,7.142,7.07,7.13,7.19,-0.1,-0.1,0.032,0.044,12.487,12.27,12.66,12.39,11.93,0.3,0.7,0.15,0.269,102.907,101.307,102.24,103.21,96.81,-1.0,5.4,0.578,2.422,58.92,58.682,57.28,59.83,58.94,-2.5,-1.7,1.423,1.037,122.283,120.403,123.5,122.1,116.32,1.4,7.2,1.136,2.547,1.977,2.495,0.13,3.53,4.96,-3.4,-4.8,1.719,1.627,1.183,1.715,4.51,-1.72,6.57,6.2,-2.1,3.137,3.677,6.067,1.667,1.3,17.4,-3.9,-16.1,5.2,9.856,7.939,0.8,0.467,1.2,-1.9,2.8,3.1,-1.6,2.524,2.194,-0.967,-0.267,-1.8,-1.5,-1.3,-0.3,-0.5,1.193,1.623,0.537,-1.407,2.18,5.85,0.6,-3.7,1.6,6.298,5.146,4.1,2.017,4.8,6.4,3.5,-1.6,1.3,2.718,3.468,4.5,4.1,3.8,4.6,8.9,-0.8,-5.1,0.656,3.255,80.057,79.295,78.1,82.45,78.62,-4.4,-0.5,2.208,1.656,0.913,0.908,0.9,0.93,0.91,-0.0,-0.0,0.015,0.013,4.033,3.95,2.2,4.4,1.9,-2.2,0.3,1.68,1.74,12.6,9.583,18.5,11.1,-0.5,7.4,19.0,5.311,6.269
